codigo;departamento;municipio;particulares;lea;total;
05001;Antioquia;Medellín;2.359.801;12.529;2.372.330;
05002;Antioquia;Abejorral;17.573;26;17.599;
05004;Antioquia;Abriaquí;2.141;18;2.159;
05021;Antioquia;Alejandría;3.826;13;3.839;
05030;Antioquia;Amagá;26.687;134;26.821;
05031;Antioquia;Amalfi;20.141;124;20.265;
05034;Antioquia;Andes;37.027;1.117;38.144;
05036;Antioquia;Angelópolis;5.013;14;5.027;
05038;Antioquia;Angostura;10.500;0;10.500;
05040;Antioquia;Anorí;14.477;25;14.502;
05042;Antioquia;Santafé de Antioquia;22.966;250;23.216;
05044;Antioquia;Anza;6.386;2;6.388;
05045;Antioquia;Apartadó;112.396;1.073;113.469;
05051;Antioquia;Arboletes;26.279;10;26.289;
05055;Antioquia;Argelia;6.733;19;6.752;
05059;Antioquia;Armenia;3.817;2;3.819;
05079;Antioquia;Barbosa;44.621;136;44.757;
05086;Antioquia;Belmira;5.349;0;5.349;
05088;Antioquia;Bello;477.660;4.241;481.901;
05091;Antioquia;Betania;8.589;0;8.589;
05093;Antioquia;Betulia;15.069;28;15.097;
05101;Antioquia;Ciudad Bolívar;23.086;275;23.361;
05107;Antioquia;Briceño;5.946;0;5.946;
05113;Antioquia;Buriticá;7.368;41;7.409;
05120;Antioquia;Cáceres;26.120;340;26.460;
05125;Antioquia;Caicedo;7.015;3;7.018;
05129;Antioquia;Caldas;75.971;289;76.260;
05134;Antioquia;Campamento;7.402;30;7.432;
05138;Antioquia;Cañasgordas;13.562;33;13.595;
05142;Antioquia;Caracolí;3.955;12;3.967;
05145;Antioquia;Caramanta;4.269;0;4.269;
05147;Antioquia;Carepa;45.300;636;45.936;
05148;Antioquia;El Carmen de Viboral;53.606;343;53.949;
05150;Antioquia;Carolina;3.320;23;3.343;
05154;Antioquia;Caucasia;84.459;258;84.717;
05172;Antioquia;Chigorodó;55.558;6;55.564;
05190;Antioquia;Cisneros;8.891;19;8.910;
05197;Antioquia;Cocorná;14.703;40;14.743;
05206;Antioquia;Concepción;3.901;35;3.936;
05209;Antioquia;Concordia;16.063;32;16.095;
05212;Antioquia;Copacabana;76.078;401;76.479;
05234;Antioquia;Dabeiba;22.678;39;22.717;
05237;Antioquia;Don Matías;14.163;45;14.208;
05240;Antioquia;Ebéjico;10.323;15;10.338;
05250;Antioquia;El Bagre;47.549;93;47.642;
05264;Antioquia;Entrerrios;8.779;41;8.820;
05266;Antioquia;Envigado;211.558;879;212.437;
05282;Antioquia;Fredonia;18.744;46;18.790;
05284;Antioquia;Frontino;20.111;45;20.156;
05306;Antioquia;Giraldo;5.057;0;5.057;
05308;Antioquia;Girardota;48.310;735;49.045;
05310;Antioquia;Gómez Plata;8.212;23;8.235;
05313;Antioquia;Granada;9.203;1;9.204;
05315;Antioquia;Guadalupe;5.452;0;5.452;
05318;Antioquia;Guarne;42.034;466;42.500;
05321;Antioquia;Guatapé;6.998;40;7.038;
05347;Antioquia;Heliconia;4.709;0;4.709;
05353;Antioquia;Hispania;4.950;0;4.950;
05360;Antioquia;Itagui;261.576;1.756;263.332;
05361;Antioquia;Ituango;18.443;5.341;23.784;
05364;Antioquia;Jardín;13.453;88;13.541;
05368;Antioquia;Jericó;11.046;211;11.257;
05376;Antioquia;La Ceja;58.787;599;59.386;
05380;Antioquia;La Estrella;67.002;879;67.881;
05390;Antioquia;La Pintada;7.974;0;7.974;
05400;Antioquia;La Unión;20.738;31;20.769;
05411;Antioquia;Liborina;7.902;26;7.928;
05425;Antioquia;Maceo;7.292;5;7.297;
05440;Antioquia;Marinilla;55.225;5;55.230;
05467;Antioquia;Montebello;5.881;0;5.881;
05475;Antioquia;Murindó;4.642;0;4.642;
05480;Antioquia;Mutatá;12.602;5;12.607;
05483;Antioquia;Nariño;8.599;4;8.603;
05490;Antioquia;Necoclí;38.420;0;38.420;
05495;Antioquia;Nechí;24.030;36;24.066;
05501;Antioquia;Olaya;2.719;0;2.719;
05541;Antioquia;Peñol;17.996;14;18.010;
05543;Antioquia;Peque;7.141;14;7.155;
05576;Antioquia;Pueblorrico;7.202;0;7.202;
05579;Antioquia;Puerto Berrío;35.791;1.010;36.801;
05585;Antioquia;Puerto Nare;12.127;34;12.161;
05591;Antioquia;Puerto Triunfo;15.490;1.741;17.231;
05604;Antioquia;Remedios;22.519;11;22.530;
05607;Antioquia;Retiro;20.568;132;20.700;
05615;Antioquia;Rionegro;114.851;1.549;116.400;
05628;Antioquia;Sabanalarga;7.813;20;7.833;
05631;Antioquia;Sabaneta;81.630;167;81.797;
05642;Antioquia;Salgar;15.729;53;15.782;
05647;Antioquia;San Andrés de Cuerquía;6.295;0;6.295;
05649;Antioquia;San Carlos;14.373;107;14.480;
05652;Antioquia;San Francisco;5.223;142;5.365;
05656;Antioquia;San Jerónimo;13.133;25;13.158;
05658;Antioquia;San José de La Montaña;2.952;0;2.952;
05659;Antioquia;San Juan de Urabá;19.992;0;19.992;
05660;Antioquia;San Luis;11.099;21;11.120;
05664;Antioquia;San Pedro;17.020;99;17.119;
05665;Antioquia;San Pedro de Uraba;30.064;463;30.527;
05667;Antioquia;San Rafael;12.557;21;12.578;
05670;Antioquia;San Roque;17.750;42;17.792;
05674;Antioquia;San Vicente;17.987;64;18.051;
05679;Antioquia;Santa Bárbara;21.836;194;22.030;
05686;Antioquia;Santa Rosa de Osos;30.350;717;31.067;
05690;Antioquia;Santo Domingo;9.520;266;9.786;
05697;Antioquia;El Santuario;30.255;56;30.311;
05736;Antioquia;Segovia;33.310;380;33.690;
05756;Antioquia;Sonson;31.598;263;31.861;
05761;Antioquia;Sopetrán;13.709;39;13.748;
05789;Antioquia;Támesis;14.814;198;15.012;
05790;Antioquia;Tarazá;22.729;97;22.826;
05792;Antioquia;Tarso;5.646;17;5.663;
05809;Antioquia;Titiribí;8.179;137;8.316;
05819;Antioquia;Toledo;4.922;8;4.930;
05837;Antioquia;Turbo;114.212;222;114.434;
05842;Antioquia;Uramita;6.523;0;6.523;
05847;Antioquia;Urrao;28.860;144;29.004;
05854;Antioquia;Valdivia;11.511;0;11.511;
05856;Antioquia;Valparaíso;5.414;17;5.431;
05858;Antioquia;Vegachí;11.134;0;11.134;
05861;Antioquia;Venecia;10.221;59;10.280;
05873;Antioquia;Vigía del Fuerte;8.126;13;8.139;
05885;Antioquia;Yalí;6.234;0;6.234;
05887;Antioquia;Yarumal;35.842;495;36.337;
05890;Antioquia;Yolombó;18.915;95;19.010;
05893;Antioquia;Yondó;17.493;104;17.597;
05895;Antioquia;Zaragoza;24.052;15;24.067;
08001;Atlántico;Barranquilla;1.115.490;4.613;1.120.103;
08078;Atlántico;Baranoa;61.446;81;61.527;
08137;Atlántico;Campo de La Cruz;22.810;0;22.810;
08141;Atlántico;Candelaria;15.631;0;15.631;
08296;Atlántico;Galapa;55.014;109;55.123;
08372;Atlántico;Juan de Acosta;18.828;0;18.828;
08421;Atlántico;Luruaco;27.647;0;27.647;
08433;Atlántico;Malambo;119.704;216;119.920;
08436;Atlántico;Manatí;19.233;0;19.233;
08520;Atlántico;Palmar de Varela;27.087;11;27.098;
08549;Atlántico;Piojó;5.636;0;5.636;
08558;Atlántico;Polonuevo;16.221;1;16.222;
08560;Atlántico;Ponedera;23.412;8;23.420;
08573;Atlántico;Puerto Colombia;47.742;157;47.899;
08606;Atlántico;Repelón;25.467;0;25.467;
08634;Atlántico;Sabanagrande;31.991;35;32.026;
08638;Atlántico;Sabanalarga;92.283;197;92.480;
08675;Atlántico;Santa Lucía;12.650;0;12.650;
08685;Atlántico;Santo Tomás;28.635;58;28.693;
08758;Atlántico;Soledad;535.639;345;535.984;
08770;Atlántico;Suan;11.607;0;11.607;
08832;Atlántico;Tubará;12.718;0;12.718;
08849;Atlántico;Usiacurí;9.543;0;9.543;
11001;Bogotá; D.C.;Bogotá; D.C.;7.149.540;31.929;7.181.469
13001;Bolívar;Cartagena;884.084;3.862;887.946;
13006;Bolívar;Achí;18.864;15;18.879;
13030;Bolívar;Altos del Rosario;9.009;0;9.009;
13042;Bolívar;Arenal;7.169;0;7.169;
13052;Bolívar;Arjona;67.100;18;67.118;
13062;Bolívar;Arroyohondo;8.058;0;8.058;
13074;Bolívar;Barranco de Loba;14.435;0;14.435;
13140;Bolívar;Calamar;22.202;0;22.202;
13160;Bolívar;Cantagallo;6.874;0;6.874;
13188;Bolívar;Cicuco;13.120;0;13.120;
13212;Bolívar;Córdoba;14.992;20;15.012;
13222;Bolívar;Clemencia;13.821;0;13.821;
13244;Bolívar;El Carmen de Bolívar;67.376;85;67.461;
13248;Bolívar;El Guamo;7.861;0;7.861;
13268;Bolívar;El Peñón;7.234;0;7.234;
13300;Bolívar;Hatillo de Loba;11.770;0;11.770;
13430;Bolívar;Magangué;127.471;532;128.003;
13433;Bolívar;Mahates;25.772;303;26.075;
13440;Bolívar;Margarita;9.720;0;9.720;
13442;Bolívar;María La Baja;45.321;3;45.324;
13458;Bolívar;Montecristo;13.470;0;13.470;
13468;Bolívar;Mompós;43.209;8;43.217;
13473;Bolívar;Morales;18.678;0;18.678;
13490;Bolívar;Norosí;7.888;11;7.899;
13549;Bolívar;Pinillos;23.349;0;23.349;
13580;Bolívar;Regidor;5.335;0;5.335;
13600;Bolívar;Río Viejo ;8.125;0;8.125;
13620;Bolívar;San Cristóbal;7.454;0;7.454;
13647;Bolívar;San Estanislao;16.518;0;16.518;
13650;Bolívar;San Fernando;9.776;0;9.776;
13654;Bolívar;San Jacinto;23.551;25;23.576;
13655;Bolívar;San Jacinto del Cauca;8.079;0;8.079;
13657;Bolívar;San Juan Nepomuceno;35.412;26;35.438;
13667;Bolívar;San Martín de Loba;14.501;3;14.504;
13670;Bolívar;San Pablo;24.520;149;24.669;
13673;Bolívar;Santa Catalina;14.039;0;14.039;
13683;Bolívar;Santa Rosa;18.375;0;18.375;
13688;Bolívar;Santa Rosa del Sur;27.284;541;27.825;
13744;Bolívar;Simití;15.264;89;15.353;
13760;Bolívar;Soplaviento;9.187;0;9.187;
13780;Bolívar;Talaigua Nuevo;12.845;0;12.845;
13810;Bolívar;Tiquisio;17.918;21;17.939;
13836;Bolívar;Turbaco;98.380;287;98.667;
13838;Bolívar;Turbaná;15.544;6;15.550;
13873;Bolívar;Villanueva;21.135;0;21.135;
13894;Bolívar;Zambrano;11.367;0;11.367;
15001;Boyacá;Tunja;166.850;1.141;167.991;
15022;Boyacá;Almeida;1.582;0;1.582;
15047;Boyacá;Aquitania;13.860;0;13.860;
15051;Boyacá;Arcabuco;5.447;18;5.465;
15087;Boyacá;Belén;7.322;0;7.322;
15090;Boyacá;Berbeo;1.442;11;1.453;
15092;Boyacá;Betéitiva;1.895;0;1.895;
15097;Boyacá;Boavita;4.932;92;5.024;
15104;Boyacá;Boyacá;4.472;0;4.472;
15106;Boyacá;Briceño;2.043;11;2.054;
15109;Boyacá;Buenavista;4.240;0;4.240;
15114;Boyacá;Busbanzá;896;7;903;
15131;Boyacá;Caldas;3.085;1;3.086;
15135;Boyacá;Campohermoso;2.705;0;2.705;
15162;Boyacá;Cerinza;3.636;0;3.636;
15172;Boyacá;Chinavita;2.822;20;2.842;
15176;Boyacá;Chiquinquirá;51.414;907;52.321;
15180;Boyacá;Chiscas;3.587;0;3.587;
15183;Boyacá;Chita;7.735;43;7.778;
15185;Boyacá;Chitaraque;5.013;0;5.013;
15187;Boyacá;Chivatá;2.783;0;2.783;
15189;Boyacá;Ciénega;4.492;0;4.492;
15204;Boyacá;Cómbita;9.341;3.295;12.636;
15212;Boyacá;Coper;3.019;0;3.019;
15215;Boyacá;Corrales;2.479;0;2.479;
15218;Boyacá;Covarachía;2.594;34;2.628;
15223;Boyacá;Cubará;9.942;222;10.164;
15224;Boyacá;Cucaita;3.375;0;3.375;
15226;Boyacá;Cuítiva;1.628;0;1.628;
15232;Boyacá;Chíquiza;4.347;0;4.347;
15236;Boyacá;Chivor;1.669;0;1.669;
15238;Boyacá;Duitama;116.737;869;117.606;
15244;Boyacá;El Cocuy;3.952;47;3.999;
15248;Boyacá;El Espino;2.597;118;2.715;
15272;Boyacá;Firavitoba;6.523;0;6.523;
15276;Boyacá;Floresta;3.184;2;3.186;
15293;Boyacá;Gachantivá;2.744;0;2.744;
15296;Boyacá;Gameza;4.395;0;4.395;
15299;Boyacá;Garagoa;13.977;168;14.145;
15317;Boyacá;Guacamayas;1.764;26;1.790;
15322;Boyacá;Guateque;8.025;98;8.123;
15325;Boyacá;Guayatá;3.089;23;3.112;
15332;Boyacá;Güicán;3.920;1;3.921;
15362;Boyacá;Iza;1.944;0;1.944;
15367;Boyacá;Jenesano;6.308;25;6.333;
15368;Boyacá;Jericó;3.540;0;3.540;
15377;Boyacá;Labranzagrande;3.075;0;3.075;
15380;Boyacá;La Capilla;2.284;16;2.300;
15401;Boyacá;La Victoria;956;0;956;
15403;Boyacá;La Uvita;2.774;98;2.872;
15407;Boyacá;Villa de Leyva;14.267;139;14.406;
15425;Boyacá;Macanal;3.516;52;3.568;
15442;Boyacá;Maripí;5.354;0;5.354;
15455;Boyacá;Miraflores;8.199;75;8.274;
15464;Boyacá;Mongua;4.300;0;4.300;
15466;Boyacá;Monguí;3.895;0;3.895;
15469;Boyacá;Moniquirá;20.667;181;20.848;
15476;Boyacá;Motavita;5.226;27;5.253;
15480;Boyacá;Muzo;7.961;362;8.323;
15491;Boyacá;Nobsa;14.651;0;14.651;
15494;Boyacá;Nuevo Colón;5.008;17;5.025;
15500;Boyacá;Oicatá;2.797;0;2.797;
15507;Boyacá;Otanche;6.989;8;6.997;
15511;Boyacá;Pachavita;2.261;14;2.275;
15514;Boyacá;Páez;2.925;5;2.930;
15516;Boyacá;Paipa;31.097;44;31.141;
15518;Boyacá;Pajarito;1.930;11;1.941;
15522;Boyacá;Panqueba;1.619;25;1.644;
15531;Boyacá;Pauna;6.355;0;6.355;
15533;Boyacá;Paya;2.061;0;2.061;
15537;Boyacá;Paz de Río;4.040;7;4.047;
15542;Boyacá;Pesca;6.604;0;6.604;
15550;Boyacá;Pisba;1.582;0;1.582;
15572;Boyacá;Puerto Boyacá;44.076;708;44.784;
15580;Boyacá;Quípama;4.194;0;4.194;
15599;Boyacá;Ramiriquí;8.690;199;8.889;
15600;Boyacá;Ráquira;7.302;10;7.312;
15621;Boyacá;Rondón;2.212;18;2.230;
15632;Boyacá;Saboyá;11.161;0;11.161;
15638;Boyacá;Sáchica;4.823;0;4.823;
15646;Boyacá;Samacá;17.485;57;17.542;
15660;Boyacá;San Eduardo;1.558;14;1.572;
15664;Boyacá;San José de Pare;4.658;0;4.658;
15667;Boyacá;San Luis de Gaceno;4.534;17;4.551;
15673;Boyacá;San Mateo;3.307;0;3.307;
15676;Boyacá;San Miguel de Sema;2.901;0;2.901;
15681;Boyacá;San Pablo de Borbur;5.827;12;5.839;
15686;Boyacá;Santana;6.811;15;6.826;
15690;Boyacá;Santa María;3.093;16;3.109;
15693;Boyacá;Santa Rosa de Viterbo;10.849;480;11.329;
15696;Boyacá;Santa Sofía;2.924;35;2.959;
15720;Boyacá;Sativanorte;1.947;79;2.026;
15723;Boyacá;Sativasur;1.044;4;1.048;
15740;Boyacá;Siachoque;6.649;0;6.649;
15753;Boyacá;Soatá;8.456;82;8.538;
15755;Boyacá;Socotá;7.122;11;7.133;
15757;Boyacá;Socha;7.497;12;7.509;
15759;Boyacá;Sogamoso;119.503;959;120.462;
15761;Boyacá;Somondoco;2.364;13;2.377;
15762;Boyacá;Sora;2.586;0;2.586;
15763;Boyacá;Sotaquirá;7.953;0;7.953;
15764;Boyacá;Soracá;5.858;46;5.904;
15774;Boyacá;Susacón;2.555;0;2.555;
15776;Boyacá;Sutamarchán;5.755;0;5.755;
15778;Boyacá;Sutatenza;3.481;20;3.501;
15790;Boyacá;Tasco;5.140;10;5.150;
15798;Boyacá;Tenza;3.426;35;3.461;
15804;Boyacá;Tibaná;7.945;21;7.966;
15806;Boyacá;Tibasosa;11.019;4;11.023;
15808;Boyacá;Tinjacá;2.869;0;2.869;
15810;Boyacá;Tipacoque;3.154;0;3.154;
15814;Boyacá;Toca;8.707;0;8.707;
15816;Boyacá;Togüí;4.224;0;4.224;
15820;Boyacá;Tópaga;3.531;0;3.531;
15822;Boyacá;Tota;4.530;0;4.530;
15832;Boyacá;Tununguá;1.526;0;1.526;
15835;Boyacá;Turmequé;5.835;21;5.856;
15837;Boyacá;Tuta;8.143;11;8.154;
15839;Boyacá;Tutazá;1.794;0;1.794;
15842;Boyacá;Umbita;6.905;0;6.905;
15861;Boyacá;Ventaquemada;13.974;10;13.984;
15879;Boyacá;Viracachá;2.582;0;2.582;
15897;Boyacá;Zetaquira;4.272;29;4.301;
17001;Caldas;Manizales;395.818;4.618;400.436;
17013;Caldas;Aguadas;20.525;187;20.712;
17042;Caldas;Anserma;31.438;373;31.811;
17050;Caldas;Aranzazu;9.854;0;9.854;
17088;Caldas;Belalcázar;9.661;29;9.690;
17174;Caldas;Chinchiná;48.298;186;48.484;
17272;Caldas;Filadelfia;9.613;17;9.630;
17380;Caldas;La Dorada;69.086;1.716;70.802;
17388;Caldas;La Merced;5.324;1;5.325;
17433;Caldas;Manzanares;16.502;30;16.532;
17442;Caldas;Marmato;8.485;0;8.485;
17444;Caldas;Marquetalia;12.079;67;12.146;
17446;Caldas;Marulanda;2.081;0;2.081;
17486;Caldas;Neira;20.355;140;20.495;
17495;Caldas;Norcasia;5.946;3;5.949;
17513;Caldas;Pácora;13.074;140;13.214;
17524;Caldas;Palestina;13.490;70;13.560;
17541;Caldas;Pensilvania;17.107;235;17.342;
17614;Caldas;Riosucio;48.012;317;48.329;
17616;Caldas;Risaralda;9.840;0;9.840;
17653;Caldas;Salamina;16.441;318;16.759;
17662;Caldas;Samaná;17.424;42;17.466;
17665;Caldas;San José;4.516;8;4.524;
17777;Caldas;Supía;26.571;0;26.571;
17867;Caldas;Victoria;8.148;24;8.172;
17873;Caldas;Villamaría;62.671;160;62.831;
17877;Caldas;Viterbo;12.425;7;12.432;
18001;Caquetá;Florencia;152.474;4.315;156.789;
18029;Caquetá;Albania;4.363;151;4.514;
18094;Caquetá;Belén de Los Andaquies;8.729;346;9.075;
18150;Caquetá;Cartagena del Chairá;27.267;672;27.939;
18205;Caquetá;Curillo;7.379;139;7.518;
18247;Caquetá;El Doncello;17.572;203;17.775;
18256;Caquetá;El Paujil;12.822;192;13.014;
18410;Caquetá;La Montañita;11.524;604;12.128;
18460;Caquetá;Milán;6.980;527;7.507;
18479;Caquetá;Morelia;3.350;0;3.350;
18592;Caquetá;Puerto Rico;23.616;779;24.395;
18610;Caquetá;San José del Fragua;10.965;399;11.364;
18753;Caquetá;San Vicente del Caguán;40.794;1.596;42.390;
18756;Caquetá;Solano;9.587;744;10.331;
18785;Caquetá;Solita;5.242;189;5.431;
18860;Caquetá;Valparaíso;5.678;404;6.082;
19001;Cauca;Popayán;272.901;4.369;277.270;
19022;Cauca;Almaguer;16.523;0;16.523;
19050;Cauca;Argelia;19.925;211;20.136;
19075;Cauca;Balboa;18.904;6;18.910;
19100;Cauca;Bolívar;35.625;212;35.837;
19110;Cauca;Buenos Aires;25.236;21;25.257;
19130;Cauca;Cajibío;32.235;2;32.237;
19137;Cauca;Caldono;35.886;253;36.139;
19142;Cauca;Caloto;25.264;152;25.416;
19212;Cauca;Corinto;21.633;342;21.975;
19256;Cauca;El Tambo;38.509;179;38.688;
19290;Cauca;Florencia;5.089;0;5.089;
19300;Cauca;Guachené ;18.513;0;18.513;
19318;Cauca;Guapi;23.775;262;24.037;
19355;Cauca;Inzá;26.490;81;26.571;
19364;Cauca;Jambaló;16.353;0;16.353;
19392;Cauca;La Sierra;9.935;0;9.935;
19397;Cauca;La Vega;19.777;0;19.777;
19418;Cauca;López;15.117;37;15.154;
19450;Cauca;Mercaderes;14.806;18;14.824;
19455;Cauca;Miranda;28.540;122;28.662;
19473;Cauca;Morales;29.737;0;29.737;
19513;Cauca;Padilla;8.763;0;8.763;
19517;Cauca;Paez;37.599;67;37.666;
19532;Cauca;Patía;28.361;225;28.586;
19533;Cauca;Piamonte;7.124;1;7.125;
19548;Cauca;Piendamó;33.346;85;33.431;
19573;Cauca;Puerto Tejada;40.020;224;40.244;
19585;Cauca;Puracé;14.925;27;14.952;
19622;Cauca;Rosas;9.336;0;9.336;
19693;Cauca;San Sebastián;9.769;37;9.806;
19698;Cauca;Santander de Quilichao;95.348;684;96.032;
19701;Cauca;Santa Rosa;4.975;70;5.045;
19743;Cauca;Silvia;33.380;128;33.508;
19760;Cauca;Sotara;11.921;37;11.958;
19780;Cauca;Suárez;19.624;66;19.690;
19785;Cauca;Sucre;6.201;0;6.201;
19807;Cauca;Timbío;32.170;47;32.217;
19809;Cauca;Timbiquí;21.614;4;21.618;
19821;Cauca;Toribio;30.654;0;30.654;
19824;Cauca;Totoró;20.870;0;20.870;
19845;Cauca;Villa Rica;18.761;0;18.761;
20001;Cesar;Valledupar;455.636;3.713;459.349;
20011;Cesar;Aguachica;95.548;330;95.878;
20013;Cesar;Agustín Codazzi;58.475;146;58.621;
20032;Cesar;Astrea;18.434;0;18.434;
20045;Cesar;Becerril;20.474;3;20.477;
20060;Cesar;Bosconia;37.499;32;37.531;
20175;Cesar;Chimichagua;30.272;17;30.289;
20178;Cesar;Chiriguaná;26.976;30;27.006;
20228;Cesar;Curumaní;34.833;5;34.838;
20238;Cesar;El Copey;28.550;0;28.550;
20250;Cesar;El Paso;34.620;0;34.620;
20295;Cesar;Gamarra;12.444;0;12.444;
20310;Cesar;González;4.034;19;4.053;
20383;Cesar;La Gloria;14.779;210;14.989;
20400;Cesar;La Jagua de Ibirico;37.106;250;37.356;
20443;Cesar;Manaure;9.302;11;9.313;
20517;Cesar;Pailitas;16.800;0;16.800;
20550;Cesar;Pelaya;18.487;10;18.497;
20570;Cesar;Pueblo Bello;22.763;166;22.929;
20614;Cesar;Río de Oro;14.408;0;14.408;
20621;Cesar;La Paz;26.105;4;26.109;
20710;Cesar;San Alberto;22.993;47;23.040;
20750;Cesar;San Diego;18.530;1;18.531;
20770;Cesar;San Martín;20.452;0;20.452;
20787;Cesar;Tamalameque;14.063;0;14.063;
23001;Córdoba ;Montería;431.279;2.444;433.723;
23068;Córdoba ;Ayapel;38.816;0;38.816;
23079;Córdoba ;Buenavista;18.344;0;18.344;
23090;Córdoba ;Canalete;14.831;0;14.831;
23162;Córdoba ;Cereté;96.165;87;96.252;
23168;Córdoba ;Chimá;13.492;0;13.492;
23182;Córdoba ;Chinú;42.676;4;42.680;
23189;Córdoba ;Ciénaga de Oro;56.278;0;56.278;
23300;Córdoba ;Cotorra;16.215;0;16.215;
23350;Córdoba ;La Apartada;13.733;9;13.742;
23417;Córdoba ;Lorica;98.436;55;98.491;
23419;Córdoba ;Los Córdobas;15.886;0;15.886;
23464;Córdoba ;Momil;16.264;0;16.264;
23466;Córdoba ;Montelíbano;71.772;52;71.824;
23500;Córdoba ;Moñitos;25.095;0;25.095;
23555;Córdoba ;Planeta Rica;60.245;14;60.259;
23570;Córdoba ;Pueblo Nuevo;26.968;0;26.968;
23574;Córdoba ;Puerto Escondido;19.474;0;19.474;
23580;Córdoba ;Puerto Libertador;35.303;59;35.362;
23586;Córdoba ;Purísima;14.702;3;14.705;
23660;Córdoba ;Sahagún;94.010;10;94.020;
23670;Córdoba ;San Andrés Sotavento;42.041;5;42.046;
23672;Córdoba ;San Antero;29.028;0;29.028;
23675;Córdoba ;San Bernardo del Viento;29.437;0;29.437;
23678;Córdoba ;San Carlos;23.532;0;23.532;
23682;Córdoba ;San José de Uré(1);11.059;0;11.059;
23686;Córdoba ;San Pelayo;40.614;3;40.617;
23807;Córdoba ;Tierralta;85.813;765;86.578;
23815;Córdoba ;Tuchín;40.033;0;40.033;
23855;Córdoba ;Valencia;30.532;13;30.545;
25001;Cundinamarca;Agua de Dios;10.421;321;10.742;
25019;Cundinamarca;Albán;5.920;216;6.136;
25035;Cundinamarca;Anapoima;12.130;111;12.241;
25040;Cundinamarca;Anolaima;12.120;84;12.204;
25053;Cundinamarca;Arbeláez;9.613;392;10.005;
25086;Cundinamarca;Beltrán;1.719;1;1.720;
25095;Cundinamarca;Bituima;2.223;1;2.224;
25099;Cundinamarca;Bojacá;9.653;21;9.674;
25120;Cundinamarca;Cabrera;4.270;242;4.512;
25123;Cundinamarca;Cachipay;9.267;7;9.274;
25126;Cundinamarca;Cajicá;80.534;577;81.111;
25148;Cundinamarca;Caparrapí;10.266;35;10.301;
25151;Cundinamarca;Caqueza;15.435;159;15.594;
25154;Cundinamarca;Carmen de Carupa;7.325;20;7.345;
25168;Cundinamarca;Chaguaní;3.323;0;3.323;
25175;Cundinamarca;Chía;128.753;860;129.613;
25178;Cundinamarca;Chipaque;8.624;9;8.633;
25181;Cundinamarca;Choachí;10.366;31;10.397;
25183;Cundinamarca;Chocontá;19.611;214;19.825;
25200;Cundinamarca;Cogua;20.801;301;21.102;
25214;Cundinamarca;Cota;31.364;504;31.868;
25224;Cundinamarca;Cucunubá;7.002;11;7.013;
25245;Cundinamarca;El Colegio;22.529;246;22.775;
25258;Cundinamarca;El Peñón;3.458;0;3.458;
25260;Cundinamarca;El Rosal;21.873;14;21.887;
25269;Cundinamarca;Facatativá;134.881;1.160;136.041;
25279;Cundinamarca;Fomeque;10.749;0;10.749;
25281;Cundinamarca;Fosca;5.561;17;5.578;
25286;Cundinamarca;Funza;90.670;184;90.854;
25288;Cundinamarca;Fúquene;4.848;1;4.849;
25290;Cundinamarca;Fusagasugá;131.661;2.997;134.658;
25293;Cundinamarca;Gachala;4.343;35;4.378;
25295;Cundinamarca;Gachancipá;16.601;32;16.633;
25297;Cundinamarca;Gachetá;8.065;138;8.203;
25299;Cundinamarca;Gama;3.032;23;3.055;
25307;Cundinamarca;Girardot;91.545;1.358;92.903;
25312;Cundinamarca;Granada;6.899;23;6.922;
25317;Cundinamarca;Guachetá;12.403;2;12.405;
25320;Cundinamarca;Guaduas;24.514;3.057;27.571;
25322;Cundinamarca;Guasca;14.954;38;14.992;
25324;Cundinamarca;Guataquí;1.974;3;1.977;
25326;Cundinamarca;Guatavita;6.145;3;6.148;
25328;Cundinamarca;Guayabal de Siquima;3.604;0;3.604;
25335;Cundinamarca;Guayabetal;5.809;0;5.809;
25339;Cundinamarca;Gutiérrez;3.311;0;3.311;
25368;Cundinamarca;Jerusalén;2.024;1;2.025;
25372;Cundinamarca;Junín;5.197;37;5.234;
25377;Cundinamarca;La Calera;28.405;96;28.501;
25386;Cundinamarca;La Mesa;28.962;490;29.452;
25394;Cundinamarca;La Palma;7.708;0;7.708;
25398;Cundinamarca;La Peña;5.406;23;5.429;
25402;Cundinamarca;La Vega;13.054;31;13.085;
25407;Cundinamarca;Lenguazaque;9.414;11;9.425;
25426;Cundinamarca;Macheta;6.022;35;6.057;
25430;Cundinamarca;Madrid;108.885;811;109.696;
25436;Cundinamarca;Manta;3.328;26;3.354;
25438;Cundinamarca;Medina;7.269;12;7.281;
25473;Cundinamarca;Mosquera;128.880;13;128.893;
25483;Cundinamarca;Nariño;2.100;1;2.101;
25486;Cundinamarca;Nemocón;12.198;0;12.198;
25488;Cundinamarca;Nilo;6.960;3.595;10.555;
25489;Cundinamarca;Nimaima;3.059;27;3.086;
25491;Cundinamarca;Nocaima;5.194;17;5.211;
25506;Cundinamarca;Venecia;4.106;24;4.130;
25513;Cundinamarca;Pacho;23.647;79;23.726;
25518;Cundinamarca;Paime;3.854;11;3.865;
25524;Cundinamarca;Pandi;4.734;1;4.735;
25530;Cundinamarca;Paratebueno;8.001;42;8.043;
25535;Cundinamarca;Pasca;8.686;0;8.686;
25572;Cundinamarca;Puerto Salgar;14.691;328;15.019;
25580;Cundinamarca;Pulí;2.524;1;2.525;
25592;Cundinamarca;Quebradanegra;4.447;6;4.453;
25594;Cundinamarca;Quetame;4.928;1;4.929;
25596;Cundinamarca;Quipile;6.110;4;6.114;
25599;Cundinamarca;Apulo;7.530;3;7.533;
25612;Cundinamarca;Ricaurte;10.787;1;10.788;
25645;Cundinamarca;San Antonio del Tequendama;10.202;12;10.214;
25649;Cundinamarca;San Bernardo;7.404;13;7.417;
25653;Cundinamarca;San Cayetano;4.043;0;4.043;
25658;Cundinamarca;San Francisco;9.376;268;9.644;
25662;Cundinamarca;San Juan de Río Seco;7.494;53;7.547;
25718;Cundinamarca;Sasaima;9.299;508;9.807;
25736;Cundinamarca;Sesquilé;11.048;19;11.067;
25740;Cundinamarca;Sibaté;31.511;1.292;32.803;
25743;Cundinamarca;Silvania;20.548;33;20.581;
25745;Cundinamarca;Simijaca;11.489;37;11.526;
25754;Cundinamarca;Soacha;644.768;437;645.205;
25758;Cundinamarca;Sopó;24.779;59;24.838;
25769;Cundinamarca;Subachoque;14.860;14;14.874;
25772;Cundinamarca;Suesca;15.395;6;15.401;
25777;Cundinamarca;Supatá;4.726;0;4.726;
25779;Cundinamarca;Susa;6.073;0;6.073;
25781;Cundinamarca;Sutatausa;5.258;0;5.258;
25785;Cundinamarca;Tabio;20.565;37;20.602;
25793;Cundinamarca;Tausa;6.694;41;6.735;
25797;Cundinamarca;Tena;8.062;10;8.072;
25799;Cundinamarca;Tenjo;20.368;18;20.386;
25805;Cundinamarca;Tibacuy;3.943;1;3.944;
25807;Cundinamarca;Tibirita;2.435;4;2.439;
25815;Cundinamarca;Tocaima;13.445;204;13.649;
25817;Cundinamarca;Tocancipá;39.357;59;39.416;
25823;Cundinamarca;Topaipí;3.523;14;3.537;
25839;Cundinamarca;Ubalá;7.202;381;7.583;
25841;Cundinamarca;Ubaque;6.390;0;6.390;
25843;Cundinamarca;Villa de San Diego de Ubate;39.717;284;40.001;
25845;Cundinamarca;Une;6.901;1;6.902;
25851;Cundinamarca;Útica;4.019;13;4.032;
25862;Cundinamarca;Vergara;6.036;27;6.063;
25867;Cundinamarca;Vianí;3.806;0;3.806;
25871;Cundinamarca;Villagómez;1.695;17;1.712;
25873;Cundinamarca;Villapinzón;15.814;20;15.834;
25875;Cundinamarca;Villeta;25.669;288;25.957;
25878;Cundinamarca;Viotá;12.538;51;12.589;
25885;Cundinamarca;Yacopí;10.887;0;10.887;
25898;Cundinamarca;Zipacón;4.211;0;4.211;
25899;Cundinamarca;Zipaquirá;128.968;684;129.652;
27001;Chocó;Quibdó;119.481;1.198;120.679;
27006;Chocó;Acandí;12.095;0;12.095;
27025;Chocó;Alto Baudo;23.954;0;23.954;
27050;Chocó;Atrato;5.494;25;5.519;
27073;Chocó;Bagadó;10.553;30;10.583;
27075;Chocó;Bahía Solano;9.135;282;9.417;
27077;Chocó;Bajo Baudó;18.451;110;18.561;
27099;Chocó;Bojaya;11.930;3;11.933;
27135;Chocó;El Cantón del San Pablo;5.660;3;5.663;
27150;Chocó;Carmen del Darien;13.111;78;13.189;
27160;Chocó;Cértegui;4.683;0;4.683;
27205;Chocó;Condoto;12.232;19;12.251;
27245;Chocó;El Carmen de Atrato;7.898;2;7.900;
27250;Chocó;El Litoral del San Juan;11.579;0;11.579;
27361;Chocó;Istmina;27.349;738;28.087;
27372;Chocó;Juradó;4.108;0;4.108;
27413;Chocó;Lloró;8.928;0;8.928;
27425;Chocó;Medio Atrato;10.140;0;10.140;
27430;Chocó;Medio Baudó;13.423;0;13.423;
27450;Chocó;Medio San Juan;9.051;22;9.073;
27491;Chocó;Nóvita;8.164;0;8.164;
27495;Chocó;Nuquí;3.456;0;3.456;
27580;Chocó;Río Iro;4.525;0;4.525;
27600;Chocó;Río Quito;7.974;0;7.974;
27615;Chocó;Riosucio;47.901;356;48.257;
27660;Chocó;San José del Palmar;4.721;0;4.721;
27745;Chocó;Sipí;2.768;0;2.768;
27787;Chocó;Tadó;16.945;55;17.000;
27800;Chocó;Unguía;12.192;0;12.192;
27810;Chocó;Unión Panamericana;6.458;132;6.590;
41001;Huila;Neiva;313.310;1.216;314.526;
41006;Huila;Acevedo;24.562;0;24.562;
41013;Huila;Agrado;8.578;15;8.593;
41016;Huila;Aipe;14.634;183;14.817;
41020;Huila;Algeciras;20.015;244;20.259;
41026;Huila;Altamira;3.810;359;4.169;
41078;Huila;Baraya;6.397;282;6.679;
41132;Huila;Campoalegre;30.082;101;30.183;
41206;Huila;Colombia;6.965;75;7.040;
41244;Huila;Elías;3.733;3;3.736;
41298;Huila;Garzón;65.319;992;66.311;
41306;Huila;Gigante;22.622;249;22.871;
41319;Huila;Guadalupe;15.875;38;15.913;
41349;Huila;Hobo;6.686;14;6.700;
41357;Huila;Iquira;9.044;20;9.064;
41359;Huila;Isnos;24.571;22;24.593;
41378;Huila;La Argentina;12.475;0;12.475;
41396;Huila;La Plata;53.967;438;54.405;
41483;Huila;Nátaga;6.157;11;6.168;
41503;Huila;Oporapa;11.111;0;11.111;
41518;Huila;Paicol;6.403;21;6.424;
41524;Huila;Palermo;24.146;97;24.243;
41530;Huila;Palestina;10.454;0;10.454;
41548;Huila;Pital;12.222;24;12.246;
41551;Huila;Pitalito;118.991;1.296;120.287;
41615;Huila;Rivera;21.065;1.812;22.877;
41660;Huila;Saladoblanco;10.065;11;10.076;
41668;Huila;San Agustín;32.380;29;32.409;
41676;Huila;Santa María;10.215;0;10.215;
41770;Huila;Suaza;17.362;14;17.376;
41791;Huila;Tarqui;16.108;0;16.108;
41797;Huila;Tesalia;9.767;0;9.767;
41799;Huila;Tello;10.215;58;10.273;
41801;Huila;Teruel;7.350;26;7.376;
41807;Huila;Timaná;20.894;25;20.919;
41872;Huila;Villavieja;6.943;0;6.943;
41885;Huila;Yaguará;7.361;19;7.380;
44001;La Guajira;Riohacha;176.830;743;177.573;
44035;La Guajira;Albania;26.038;902;26.940;
44078;La Guajira;Barrancas;28.547;2;28.549;
44090;La Guajira;Dibulla;35.599;597;36.196;
44098;La Guajira;Distracción;11.635;299;11.934;
44110;La Guajira;El Molino;6.963;0;6.963;
44279;La Guajira;Fonseca;40.837;15;40.852;
44378;La Guajira;Hatonuevo;17.672;0;17.672;
44420;La Guajira;La Jagua del Pilar;2.952;0;2.952;
44430;La Guajira;Maicao;159.081;142;159.223;
44560;La Guajira;Manaure;73.152;1.376;74.528;
44650;La Guajira;San Juan del Cesar;45.755;322;46.077;
44847;La Guajira;Uribia;158.166;2.545;160.711;
44855;La Guajira;Urumita;10.187;11;10.198;
44874;La Guajira;Villanueva;24.966;30;24.996;
47001;Magdalena;Santa Marta;477.257;2.596;479.853;
47030;Magdalena;Algarrobo;14.294;0;14.294;
47053;Magdalena;Aracataca;37.440;36;37.476;
47058;Magdalena;Ariguaní;28.284;64;28.348;
47161;Magdalena;Cerro San Antonio;9.225;0;9.225;
47170;Magdalena;Chivolo;18.208;0;18.208;
47189;Magdalena;Ciénaga;118.259;176;118.435;
47205;Magdalena;Concordia;9.681;0;9.681;
47245;Magdalena;El Banco;59.360;234;59.594;
47258;Magdalena;El Piñon;17.308;0;17.308;
47268;Magdalena;El Retén;19.345;0;19.345;
47288;Magdalena;Fundación;64.818;15;64.833;
47318;Magdalena;Guamal;25.308;4;25.312;
47460;Magdalena;Nueva Granada;17.441;29;17.470;
47541;Magdalena;Pedraza;7.569;0;7.569;
47545;Magdalena;Pijiño del Carmen;11.071;0;11.071;
47551;Magdalena;Pivijay;34.372;2;34.374;
47555;Magdalena;Plato;56.153;57;56.210;
47570;Magdalena;Puebloviejo;26.419;0;26.419;
47605;Magdalena;Remolino;9.555;0;9.555;
47660;Magdalena;Sabanas de San Angel;14.047;13;14.060;
47675;Magdalena;Salamina;9.360;0;9.360;
47692;Magdalena;San Sebastián de Buenavista;18.865;0;18.865;
47703;Magdalena;San Zenón;11.277;2;11.279;
47707;Magdalena;Santa Ana;22.705;18;22.723;
47720;Magdalena;Santa Bárbara de Pinto;9.345;0;9.345;
47745;Magdalena;Sitionuevo;25.804;0;25.804;
47798;Magdalena;Tenerife;12.364;0;12.364;
47960;Magdalena;Zapayán;8.606;0;8.606;
47980;Magdalena;Zona Bananera;66.802;0;66.802;
50001;Meta;Villavicencio;446.537;4.675;451.212;
50006;Meta;Acacías;73.925;4.274;78.199;
50110;Meta;Barranca de Upía;5.835;111;5.946;
50124;Meta;Cabuyaro;5.076;356;5.432;
50150;Meta;Castilla la Nueva;13.516;95;13.611;
50223;Meta;Cubarral;6.276;101;6.377;
50226;Meta;Cumaral;21.156;241;21.397;
50245;Meta;El Calvario;1.387;188;1.575;
50251;Meta;El Castillo;7.253;144;7.397;
50270;Meta;El Dorado;3.602;97;3.699;
50287;Meta;Fuente de Oro;11.536;63;11.599;
50313;Meta;Granada;63.959;973;64.932;
50318;Meta;Guamal;13.839;18;13.857;
50325;Meta;Mapiripán;5.766;270;6.036;
50330;Meta;Mesetas;9.629;122;9.751;
50350;Meta;La Macarena;23.113;764;23.877;
50370;Meta;Uribe;7.767;782;8.549;
50400;Meta;Lejanías;10.480;96;10.576;
50450;Meta;Puerto Concordia;7.873;213;8.086;
50568;Meta;Puerto Gaitán;39.414;1.603;41.017;
50573;Meta;Puerto López;27.969;301;28.270;
50577;Meta;Puerto Lleras;8.692;290;8.982;
50590;Meta;Puerto Rico;11.033;400;11.433;
50606;Meta;Restrepo;17.286;324;17.610;
50680;Meta;San Carlos de Guaroa;11.343;169;11.512;
50683;Meta;San Juan de Arama;7.884;358;8.242;
50686;Meta;San Juanito;1.106;43;1.149;
50689;Meta;San Martín;21.719;562;22.281;
50711;Meta;Vistahermosa;16.249;276;16.525;
52001;Nariño;Pasto;349.352;2.974;352.326;
52019;Nariño;Albán;8.191;6;8.197;
52022;Nariño;Aldana;6.872;0;6.872;
52036;Nariño;Ancuyá;7.481;0;7.481;
52051;Nariño;Arboleda;7.626;0;7.626;
52079;Nariño;Barbacoas;33.804;444;34.248;
52083;Nariño;Belén;5.961;7;5.968;
52110;Nariño;Buesaco;19.934;17;19.951;
52203;Nariño;Colón;7.764;0;7.764;
52207;Nariño;Consaca;10.098;19;10.117;
52210;Nariño;Contadero;6.421;0;6.421;
52215;Nariño;Córdoba;14.827;0;14.827;
52224;Nariño;Cuaspud;8.975;0;8.975;
52227;Nariño;Cumbal;32.672;0;32.672;
52233;Nariño;Cumbitara;5.095;1;5.096;
52240;Nariño;Chachagüí;12.357;62;12.419;
52250;Nariño;El Charco;21.071;0;21.071;
52254;Nariño;El Peñol;6.195;28;6.223;
52256;Nariño;El Rosario;6.498;0;6.498;
52258;Nariño;El Tablón de Gómez;13.235;20;13.255;
52260;Nariño;El Tambo;12.452;5;12.457;
52287;Nariño;Funes;6.182;29;6.211;
52317;Nariño;Guachucal;18.845;0;18.845;
52320;Nariño;Guaitarilla;10.774;0;10.774;
52323;Nariño;Gualmatán;6.290;0;6.290;
52352;Nariño;Iles;7.112;0;7.112;
52354;Nariño;Imués;6.351;0;6.351;
52356;Nariño;Ipiales;104.513;1.004;105.517;
52378;Nariño;La Cruz;16.661;13;16.674;
52381;Nariño;La Florida;9.047;0;9.047;
52385;Nariño;La Llanada;5.321;0;5.321;
52390;Nariño;La Tola;5.847;0;5.847;
52399;Nariño;La Unión;28.517;142;28.659;
52405;Nariño;Leiva;8.201;0;8.201;
52411;Nariño;Linares;8.949;25;8.974;
52418;Nariño;Los Andes;8.683;20;8.703;
52427;Nariño;Magüi;18.255;7;18.262;
52435;Nariño;Mallama;7.972;41;8.013;
52473;Nariño;Mosquera;10.202;4;10.206;
52480;Nariño;Nariño;4.007;0;4.007;
52490;Nariño;Olaya Herrera;21.356;59;21.415;
52506;Nariño;Ospina;6.488;0;6.488;
52520;Nariño;Francisco Pizarro;7.430;0;7.430;
52540;Nariño;Policarpa;8.149;0;8.149;
52560;Nariño;Potosí;10.179;7;10.186;
52565;Nariño;Providencia;4.619;0;4.619;
52573;Nariño;Puerres;8.429;17;8.446;
52585;Nariño;Pupiales;16.431;0;16.431;
52612;Nariño;Ricaurte;18.067;0;18.067;
52621;Nariño;Roberto Payán;10.473;0;10.473;
52678;Nariño;Samaniego;23.697;30;23.727;
52683;Nariño;Sandoná;18.837;22;18.859;
52685;Nariño;San Bernardo;8.874;0;8.874;
52687;Nariño;San Lorenzo;16.626;27;16.653;
52693;Nariño;San Pablo;12.905;24;12.929;
52694;Nariño;San Pedro de Cartago;6.572;0;6.572;
52696;Nariño;Santa Bárbara;8.989;0;8.989;
52699;Nariño;Santacruz;9.869;0;9.869;
52720;Nariño;Sapuyes;6.894;147;7.041;
52786;Nariño;Taminango;15.412;0;15.412;
52788;Nariño;Tangua;10.331;0;10.331;
52835;Nariño;San Andrés de Tumaco;134.862;3.229;138.091;
52838;Nariño;Túquerres;41.909;504;42.413;
52885;Nariño;Yacuanquer;10.579;0;10.579;
54001;Norte de Santander;Cúcuta;624.729;4.685;629.414;
54003;Norte de Santander;Abrego;30.118;73;30.191;
54051;Norte de Santander;Arboledas;8.102;100;8.202;
54099;Norte de Santander;Bochalema;6.867;105;6.972;
54109;Norte de Santander;Bucarasica;4.698;0;4.698;
54125;Norte de Santander;Cácota;2.723;10;2.733;
54128;Norte de Santander;Cachirá;8.642;0;8.642;
54172;Norte de Santander;Chinácota;15.956;65;16.021;
54174;Norte de Santander;Chitagá;10.554;0;10.554;
54206;Norte de Santander;Convención;17.879;233;18.112;
54223;Norte de Santander;Cucutilla;7.648;0;7.648;
54239;Norte de Santander;Durania;4.367;23;4.390;
54245;Norte de Santander;El Carmen;11.959;42;12.001;
54250;Norte de Santander;El Tarra;18.986;89;19.075;
54261;Norte de Santander;El Zulia;25.999;20;26.019;
54313;Norte de Santander;Gramalote;5.915;493;6.408;
54344;Norte de Santander;Hacarí;9.622;123;9.745;
54347;Norte de Santander;Herrán;4.689;13;4.702;
54377;Norte de Santander;Labateca;5.538;12;5.550;
54385;Norte de Santander;La Esperanza;11.040;0;11.040;
54398;Norte de Santander;La Playa;7.146;91;7.237;
54405;Norte de Santander;Los Patios;81.112;299;81.411;
54418;Norte de Santander;Lourdes;3.602;7;3.609;
54480;Norte de Santander;Mutiscua;3.891;0;3.891;
54498;Norte de Santander;Ocaña;110.671;972;111.643;
54518;Norte de Santander;Pamplona;44.805;716;45.521;
54520;Norte de Santander;Pamplonita;4.929;15;4.944;
54553;Norte de Santander;Puerto Santander;8.139;0;8.139;
54599;Norte de Santander;Ragonvalia;5.381;39;5.420;
54660;Norte de Santander;Salazar;8.724;44;8.768;
54670;Norte de Santander;San Calixto;9.915;46;9.961;
54673;Norte de Santander;San Cayetano;6.677;0;6.677;
54680;Norte de Santander;Santiago;3.079;8;3.087;
54720;Norte de Santander;Sardinata;21.159;84;21.243;
54743;Norte de Santander;Silos;5.713;0;5.713;
54800;Norte de Santander;Teorama;12.710;17;12.727;
54810;Norte de Santander;Tibú;51.144;255;51.399;
54820;Norte de Santander;Toledo;14.763;199;14.962;
54871;Norte de Santander;Villa Caro;4.602;0;4.602;
54874;Norte de Santander;Villa del Rosario;93.550;185;93.735;
63001;Quindio;Armenia;273.769;1.872;275.641;
63111;Quindio;Buenavista;2.681;60;2.741;
63130;Quindio;Calarca;69.366;1.296;70.662;
63190;Quindio;Circasia;27.090;45;27.135;
63212;Quindio;Córdoba;5.516;19;5.535;
63272;Quindio;Filandia;11.183;162;11.345;
63302;Quindio;Génova;7.050;71;7.121;
63401;Quindio;La Tebaida;32.491;73;32.564;
63470;Quindio;Montenegro;35.138;186;35.324;
63548;Quindio;Pijao;4.854;23;4.877;
63594;Quindio;Quimbaya;28.983;134;29.117;
63690;Quindio;Salento;7.490;88;7.578;
66001;Risaralda;Pereira;406.722;2.948;409.670;
66045;Risaralda;Apía;10.662;45;10.707;
66075;Risaralda;Balboa;4.976;33;5.009;
66088;Risaralda;Belén de Umbría;21.398;52;21.450;
66170;Risaralda;Dosquebradas;194.229;661;194.890;
66318;Risaralda;Guática;11.516;16;11.532;
66383;Risaralda;La Celia;6.154;24;6.178;
66400;Risaralda;La Virginia;25.829;71;25.900;
66440;Risaralda;Marsella;15.422;33;15.455;
66456;Risaralda;Mistrató;15.921;282;16.203;
66572;Risaralda;Pueblo Rico;14.429;0;14.429;
66594;Risaralda;Quinchía;25.182;31;25.213;
66682;Risaralda;Santa Rosa de Cabal;70.586;588;71.174;
66687;Risaralda;Santuario;11.734;53;11.787;
68001;Santander;Bucaramanga;523.426;5.429;528.855;
68013;Santander;Aguada;1.649;13;1.662;
68020;Santander;Albania;3.307;10;3.317;
68051;Santander;Aratoca;7.861;52;7.913;
68077;Santander;Barbosa;28.739;30;28.769;
68079;Santander;Barichara;7.571;76;7.647;
68081;Santander;Barrancabermeja;197.974;1.590;199.564;
68092;Santander;Betulia;5.185;45;5.230;
68101;Santander;Bolívar;9.437;130;9.567;
68121;Santander;Cabrera;1.605;16;1.621;
68132;Santander;California;1.784;48;1.832;
68147;Santander;Capitanejo;5.276;52;5.328;
68152;Santander;Carcasí;4.130;0;4.130;
68160;Santander;Cepitá;1.869;0;1.869;
68162;Santander;Cerrito;6.460;0;6.460;
68167;Santander;Charalá;10.934;101;11.035;
68169;Santander;Charta;2.814;10;2.824;
68176;Santander;Chima;2.364;0;2.364;
68179;Santander;Chipatá;4.336;5;4.341;
68190;Santander;Cimitarra;24.843;939;25.782;
68207;Santander;Concepción;5.300;0;5.300;
68209;Santander;Confines;2.902;13;2.915;
68211;Santander;Contratación;3.179;117;3.296;
68217;Santander;Coromoro;4.775;41;4.816;
68229;Santander;Curití;11.600;53;11.653;
68235;Santander;El Carmen de Chucurí;17.567;71;17.638;
68245;Santander;El Guacamayo;1.642;1;1.643;
68250;Santander;El Peñón;4.095;2;4.097;
68255;Santander;El Playón;12.840;126;12.966;
68264;Santander;Encino;2.328;6;2.334;
68266;Santander;Enciso;3.382;12;3.394;
68271;Santander;Florián;4.596;7;4.603;
68276;Santander;Floridablanca;274.607;502;275.109;
68296;Santander;Galán;2.666;16;2.682;
68298;Santander;Gambita;3.508;21;3.529;
68307;Santander;Girón;148.741;1.869;150.610;
68318;Santander;Guaca;5.742;20;5.762;
68320;Santander;Guadalupe;3.818;62;3.880;
68322;Santander;Guapotá;2.052;0;2.052;
68324;Santander;Guavatá;3.748;3;3.751;
68327;Santander;Güepsa;4.402;3;4.405;
68344;Santander;Hato;2.120;0;2.120;
68368;Santander;Jesús María;2.987;4;2.991;
68370;Santander;Jordán;1.163;0;1.163;
68377;Santander;La Belleza;5.500;5;5.505;
68385;Santander;Landázuri;9.231;7;9.238;
68397;Santander;La Paz;3.986;3;3.989;
68406;Santander;Lebríja;37.170;44;37.214;
68418;Santander;Los Santos;12.403;30;12.433;
68425;Santander;Macaravita;2.130;0;2.130;
68432;Santander;Málaga;19.567;317;19.884;
68444;Santander;Matanza;4.470;29;4.499;
68464;Santander;Mogotes;10.113;52;10.165;
68468;Santander;Molagavita;3.915;0;3.915;
68498;Santander;Ocamonte;4.537;0;4.537;
68500;Santander;Oiba;10.117;0;10.117;
68502;Santander;Onzaga;3.928;27;3.955;
68522;Santander;Palmar;1.244;9;1.253;
68524;Santander;Palmas del Socorro;2.432;35;2.467;
68533;Santander;Páramo;4.144;0;4.144;
68547;Santander;Piedecuesta;156.660;765;157.425;
68549;Santander;Pinchote;4.457;51;4.508;
68572;Santander;Puente Nacional;12.451;135;12.586;
68573;Santander;Puerto Parra;6.861;0;6.861;
68575;Santander;Puerto Wilches;31.698;0;31.698;
68615;Santander;Rionegro;25.233;33;25.266;
68655;Santander;Sabana de Torres;27.718;127;27.845;
68669;Santander;San Andrés;7.985;50;8.035;
68673;Santander;San Benito;2.705;1;2.706;
68679;Santander;San Gil;54.066;621;54.687;
68682;Santander;San Joaquín;2.167;0;2.167;
68684;Santander;San José de Miranda;4.132;21;4.153;
68686;Santander;San Miguel;2.433;0;2.433;
68689;Santander;San Vicente de Chucurí;28.760;667;29.427;
68705;Santander;Santa Bárbara;2.239;0;2.239;
68720;Santander;Santa Helena del Opón;3.160;6;3.166;
68745;Santander;Simacota;7.759;83;7.842;
68755;Santander;Socorro;28.975;1.022;29.997;
68770;Santander;Suaita;8.739;32;8.771;
68773;Santander;Sucre;6.038;6;6.044;
68780;Santander;Suratá;3.520;0;3.520;
68820;Santander;Tona;6.680;0;6.680;
68855;Santander;Valle de San José;5.648;0;5.648;
68861;Santander;Vélez;18.382;994;19.376;
68867;Santander;Vetas;1.762;0;1.762;
68872;Santander;Villanueva;6.725;13;6.738;
68895;Santander;Zapatoca;8.865;132;8.997;
70001;Sucre;Sincelejo;273.225;1.397;274.622;
70110;Sucre;Buenavista;10.005;2;10.007;
70124;Sucre;Caimito;13.331;0;13.331;
70204;Sucre;Coloso;7.803;0;7.803;
70215;Sucre;Corozal;65.848;502;66.350;
70221;Sucre;Coveñas;15.131;1.960;17.091;
70230;Sucre;Chalán;4.425;0;4.425;
70233;Sucre;El Roble;9.786;0;9.786;
70235;Sucre;Galeras;20.239;0;20.239;
70265;Sucre;Guaranda;15.618;0;15.618;
70400;Sucre;La Unión;11.510;0;11.510;
70418;Sucre;Los Palmitos;21.831;0;21.831;
70429;Sucre;Majagual;32.622;0;32.622;
70473;Sucre;Morroa;14.789;4;14.793;
70508;Sucre;Ovejas;22.384;0;22.384;
70523;Sucre;Palmito;12.534;0;12.534;
70670;Sucre;Sampués;44.617;0;44.617;
70678;Sucre;San Benito Abad;25.511;0;25.511;
70702;Sucre;San Juan de Betulia;13.435;2;13.437;
70708;Sucre;San Marcos;53.315;25;53.340;
70713;Sucre;San Onofre;47.952;0;47.952;
70717;Sucre;San Pedro;18.010;19;18.029;
70742;Sucre;San Luis de Sincé;30.188;0;30.188;
70771;Sucre;Sucre;23.971;0;23.971;
70820;Sucre;Santiago de Tolú;32.012;0;32.012;
70823;Sucre;Tolú Viejo;20.033;0;20.033;
73001;Tolima;Ibagué;494.059;6.627;500.686;
73024;Tolima;Alpujarra;4.072;19;4.091;
73026;Tolima;Alvarado;6.712;0;6.712;
73030;Tolima;Ambalema;6.524;0;6.524;
73043;Tolima;Anzoátegui;7.591;67;7.658;
73055;Tolima;Armero;11.326;114;11.440;
73067;Tolima;Ataco;18.218;19;18.237;
73124;Tolima;Cajamarca;17.260;49;17.309;
73148;Tolima;Carmen de Apicalá;9.614;29;9.643;
73152;Tolima;Casabianca;5.496;0;5.496;
73168;Tolima;Chaparral;43.221;574;43.795;
73200;Tolima;Coello;7.495;0;7.495;
73217;Tolima;Coyaima;18.999;0;18.999;
73226;Tolima;Cunday;7.762;0;7.762;
73236;Tolima;Dolores;7.262;12;7.274;
73268;Tolima;Espinal;67.174;809;67.983;
73270;Tolima;Falan;6.612;0;6.612;
73275;Tolima;Flandes;27.309;25;27.334;
73283;Tolima;Fresno;28.776;144;28.920;
73319;Tolima;Guamo;30.364;152;30.516;
73347;Tolima;Herveo;6.361;7;6.368;
73349;Tolima;Honda;22.753;863;23.616;
73352;Tolima;Icononzo;9.979;78;10.057;
73408;Tolima;Lérida;16.971;113;17.084;
73411;Tolima;Líbano;32.886;376;33.262;
73443;Tolima;Mariquita;34.398;107;34.505;
73449;Tolima;Melgar;33.773;363;34.136;
73461;Tolima;Murillo;3.348;41;3.389;
73483;Tolima;Natagaima;14.274;18;14.292;
73504;Tolima;Ortega;29.662;3;29.665;
73520;Tolima;Palocabildo;9.188;22;9.210;
73547;Tolima;Piedras;5.518;56;5.574;
73555;Tolima;Planadas;21.503;54;21.557;
73563;Tolima;Prado;7.893;0;7.893;
73585;Tolima;Purificación;22.461;221;22.682;
73616;Tolima;Rioblanco;19.065;25;19.090;
73622;Tolima;Roncesvalles;5.093;68;5.161;
73624;Tolima;Rovira;20.220;0;20.220;
73671;Tolima;Saldaña;14.078;21;14.099;
73675;Tolima;San Antonio;11.478;36;11.514;
73678;Tolima;San Luis;12.139;0;12.139;
73686;Tolima;Santa Isabel;5.026;102;5.128;
73770;Tolima;Suárez;3.446;0;3.446;
73854;Tolima;Valle de San Juan;4.502;0;4.502;
73861;Tolima;Venadillo;12.114;23;12.137;
73870;Tolima;Villahermosa;8.520;10;8.530;
73873;Tolima;Villarrica;5.005;16;5.021;
76001;Valle del Cauca;Cali;1.811.385;11.484;1.822.869;
76020;Valle del Cauca;Alcalá;12.165;21;12.186;
76036;Valle del Cauca;Andalucía;18.117;15;18.132;
76041;Valle del Cauca;Ansermanuevo;15.651;17;15.668;
76054;Valle del Cauca;Argelia;5.008;0;5.008;
76100;Valle del Cauca;Bolívar;13.899;55;13.954;
76109;Valle del Cauca;Buenaventura;256.921;1.524;258.445;
76111;Valle del Cauca;Guadalajara de Buga;114.081;1.740;115.821;
76113;Valle del Cauca;Bugalagrande;22.030;22;22.052;
76122;Valle del Cauca;Caicedonia;26.132;225;26.357;
76126;Valle del Cauca;Calima;16.016;38;16.054;
76130;Valle del Cauca;Candelaria;84.626;35;84.661;
76147;Valle del Cauca;Cartago;117.395;1.408;118.803;
76233;Valle del Cauca;Dagua;39.550;115;39.665;
76243;Valle del Cauca;El Águila;7.373;20;7.393;
76246;Valle del Cauca;El Cairo;6.179;0;6.179;
76248;Valle del Cauca;El Cerrito;53.929;54;53.983;
76250;Valle del Cauca;El Dovio;8.496;17;8.513;
76275;Valle del Cauca;Florida;54.207;0;54.207;
76306;Valle del Cauca;Ginebra;18.956;113;19.069;
76318;Valle del Cauca;Guacarí;30.090;185;30.275;
76364;Valle del Cauca;Jamundí;127.125;4.681;131.806;
76377;Valle del Cauca;La Cumbre;12.839;40;12.879;
76400;Valle del Cauca;La Unión;29.367;21;29.388;
76403;Valle del Cauca;La Victoria;11.046;12;11.058;
76497;Valle del Cauca;Obando;10.970;0;10.970;
76520;Valle del Cauca;Palmira;299.173;3.469;302.642;
76563;Valle del Cauca;Pradera;43.506;46;43.552;
76606;Valle del Cauca;Restrepo;12.798;18;12.816;
76616;Valle del Cauca;Riofrío;14.027;18;14.045;
76622;Valle del Cauca;Roldanillo;31.466;192;31.658;
76670;Valle del Cauca;San Pedro;15.450;0;15.450;
76736;Valle del Cauca;Sevilla;36.552;275;36.827;
76823;Valle del Cauca;Toro;12.068;23;12.091;
76828;Valle del Cauca;Trujillo;16.646;42;16.688;
76834;Valle del Cauca;Tuluá;185.762;1.397;187.159;
76845;Valle del Cauca;Ulloa;4.772;72;4.844;
76863;Valle del Cauca;Versalles;6.233;0;6.233;
76869;Valle del Cauca;Vijes;10.741;25;10.766;
76890;Valle del Cauca;Yotoco;15.319;6;15.325;
76892;Valle del Cauca;Yumbo;94.868;172;95.040;
76895;Valle del Cauca;Zarzal;39.295;48;39.343;
81001;Arauca;Arauca;74.637;1.098;75.735;
81065;Arauca;Arauquita;44.793;475;45.268;
81220;Arauca;Cravo Norte;3.644;0;3.644;
81300;Arauca;Fortul;17.394;98;17.492;
81591;Arauca;Puerto Rondón;4.145;24;4.169;
81736;Arauca;Saravena;52.278;606;52.884;
81794;Arauca;Tame;39.855;456;40.311;
85001;Casanare;Yopal;154.478;2.464;156.942;
85010;Casanare;Aguazul;33.408;32;33.440;
85015;Casanare;Chameza;1.957;52;2.009;
85125;Casanare;Hato Corozal;10.985;446;11.431;
85136;Casanare;La Salina;1.174;53;1.227;
85139;Casanare;Maní;12.849;442;13.291;
85162;Casanare;Monterrey;14.803;25;14.828;
85225;Casanare;Nunchía;8.402;67;8.469;
85230;Casanare;Orocué;7.938;204;8.142;
85250;Casanare;Paz de Ariporo;33.956;490;34.446;
85263;Casanare;Pore;10.675;0;10.675;
85279;Casanare;Recetor;1.230;17;1.247;
85300;Casanare;Sabanalarga;3.005;41;3.046;
85315;Casanare;Sácama;1.675;0;1.675;
85325;Casanare;San Luis de Palenque;7.436;101;7.537;
85400;Casanare;Támara;6.095;222;6.317;
85410;Casanare;Tauramena;21.288;421;21.709;
85430;Casanare;Trinidad;11.583;151;11.734;
85440;Casanare;Villanueva;31.691;36;31.727;
86001;Putumayo;Mocoa;47.837;585;48.422;
86219;Putumayo;Colón;5.199;5;5.204;
86320;Putumayo;Orito;32.644;359;33.003;
86568;Putumayo;Puerto Asís;55.919;1.336;57.255;
86569;Putumayo;Puerto Caicedo;11.082;40;11.122;
86571;Putumayo;Puerto Guzmán;16.820;675;17.495;
86573;Putumayo;Leguízamo;18.497;1.548;20.045;
86749;Putumayo;Sibundoy;14.070;34;14.104;
86755;Putumayo;San Francisco;5.560;12;5.572;
86757;Putumayo;San Miguel;13.903;151;14.054;
86760;Putumayo;Santiago;6.819;17;6.836;
86865;Putumayo;Valle del Guamuez;27.150;305;27.455;
86885;Putumayo;Villagarzón;21.977;653;22.630;
88001;Archipiélago de San Andrés;San Andrés;43.289;465;43.754;
88564;Archipiélago de San Andrés;Providencia;4.545;0;4.545;
91001;Amazonas;Leticia;41.254;1.590;42.844;
91263;Amazonas;El Encanto (ANM);1.637;248;1.885;
91405;Amazonas;La Chorrera (ANM);1.759;598;2.357;
91407;Amazonas;La Pedrera (ANM);3.510;271;3.781;
91430;Amazonas;La Victoria (ANM);166;0;166;
91460;Amazonas;Miriti - Paraná (ANM);850;173;1.023;
91530;Amazonas;Puerto Alegría (ANM);681;0;681;
91536;Amazonas;Puerto Arica (ANM);766;28;794;
91540;Amazonas;Puerto Nariño;7.465;431;7.896;
91669;Amazonas;Puerto Santander (ANM);1.279;171;1.450;
91798;Amazonas;Tarapacá (ANM);2.831;348;3.179;
94001;Guainía;Inírida;27.002;3.102;30.104;
94343;Guainía;Barranco Minas (ANM);5.156;2.051;7.207;
94663;Guainía;Mapiripana (ANM);728;283;1.011;
94883;Guainía;San Felipe (ANM);1.094;317;1.411;
94884;Guainía;Puerto Colombia (ANM);1.214;429;1.643;
94885;Guainía;La Guadalupe (ANM);157;65;222;
94886;Guainía;Cacahual (ANM);607;232;839;
94887;Guainía;Pana Pana (ANM);969;213;1.182;
94888;Guainía;Morichal (ANM);655;157;812;
95001;Guaviare;San José del Guaviare;45.051;3.035;48.086;
95015;Guaviare;Calamar;7.900;748;8.648;
95025;Guaviare;El Retorno;10.053;1.287;11.340;
95200;Guaviare;Miraflores;4.023;984;5.007;
97001;Vaupés;Mitú;21.642;6.067;27.709;
97161;Vaupés;Caruru;2.036;791;2.827;
97511;Vaupés;Pacoa (ANM);2.865;1.091;3.956;
97666;Vaupés;Taraira;1.581;429;2.010;
97777;Vaupés;Papunaua (ANM);432;0;432;
97889;Vaupés;Yavaraté (ANM);407;349;756;
99001;Vichada;Puerto Carreño;18.945;843;19.788;
99524;Vichada;La Primavera;8.878;812;9.690;
99624;Vichada;Santa Rosalía;3.628;398;4.026;
99773;Vichada;Cumaribo;39.954;3.184;43.138;